Race,DrInMyBase,AllLing,EmBaseLing,EmFrontLing,MyBaseLing,MyFrontLing,OtherLing,Time,AllHat,AllHatCom,AllHatUnCom,EmBaseHat,EmBaseHatCom,EmBaseHatUnCom,EnFrontHat,EnFrontHatCom,EnFrontHatUnCom,NearMeHat,NearMeHatCom,NearMeHatUnCom,EmGas,MyBaseEmGas,EmIsClose,CheckEmBase,HatBefore3M,FrontHatHP
0,0,0,0,0,0,0,0,2880,0,0,0,0,0,0,0,0,0,0,0,0,0,0,0,0,0,0
0,0,0,0,0,0,0,0,2892,0,0,0,0,0,0,0,0,0,0,0,0,0,0,0,0,0,0
0,0,0,0,0,0,0,0,2904,0,0,0,0,0,0,0,0,0,0,0,0,0,0,0,0,0,0
0,0,0,0,0,0,0,0,2916,0,0,0,0,0,0,0,0,0,0,0,0,0,0,0,0,0,0
0,0,0,0,0,0,0,0,2928,0,0,0,0,0,0,0,0,0,0,0,0,0,0,0,0,0,0
0,0,0,0,0,0,0,0,2940,0,0,0,0,0,0,0,0,0,0,0,0,0,0,0,0,0,0
0,0,0,0,0,0,0,0,2952,0,0,0,0,0,0,0,0,0,0,0,0,0,0,0,0,0,0
0,0,0,0,0,0,0,0,2964,0,0,0,0,0,0,0,0,0,0,0,0,0,0,0,0,0,0
0,0,0,0,0,0,0,0,2976,0,0,0,0,0,0,0,0,0,0,0,0,0,0,0,0,0,0
0,0,0,0,0,0,0,0,2988,0,0,0,0,0,0,0,0,0,0,0,0,0,0,0,0,0,0
0,0,0,0,0,0,0,0,3000,0,0,0,0,0,0,0,0,0,0,0,0,0,0,0,0,0,0
0,0,0,0,0,0,0,0,3012,0,0,0,0,0,0,0,0,0,0,0,0,0,0,0,0,0,0
0,0,0,0,0,0,0,0,3024,0,0,0,0,0,0,0,0,0,0,0,0,0,0,0,0,0,0
0,0,0,0,0,0,0,0,3036,0,0,0,0,0,0,0,0,0,0,0,0,0,0,0,0,0,0
0,0,0,0,0,0,0,0,3048,0,0,0,0,0,0,0,0,0,0,0,0,0,0,0,0,0,0
0,0,0,0,0,0,0,0,3060,0,0,0,0,0,0,0,0,0,0,0,0,0,0,0,0,0,0
0,0,0,0,0,0,0,0,3072,0,0,0,0,0,0,0,0,0,0,0,0,0,0,0,0,0,0
0,0,0,0,0,0,0,0,3084,0,0,0,0,0,0,0,0,0,0,0,0,0,0,0,0,0,0
0,0,0,0,0,0,0,0,3096,0,0,0,0,0,0,0,0,0,0,0,0,0,0,0,0,0,0
0,0,0,0,0,0,0,0,3108,0,0,0,0,0,0,0,0,0,0,0,0,0,0,0,0,0,0
0,0,0,0,0,0,0,0,3120,0,0,0,0,0,0,0,0,0,0,0,0,0,0,0,0,0,0
0,0,0,0,0,0,0,0,3132,0,0,0,0,0,0,0,0,0,0,0,0,0,0,0,0,0,0
0,0,0,0,0,0,0,0,3144,0,0,0,0,0,0,0,0,0,0,0,0,0,0,0,0,0,0
0,0,0,0,0,0,0,0,3156,0,0,0,0,0,0,0,0,0,0,0,0,0,0,0,0,0,0
0,0,0,0,0,0,0,0,3168,0,0,0,0,0,0,0,0,0,0,0,0,0,0,0,0,0,0
0,0,0,0,0,0,0,0,3180,0,0,0,0,0,0,0,0,0,0,0,0,0,0,0,0,0,0
0,0,0,0,0,0,0,0,3192,0,0,0,0,0,0,0,0,0,0,0,0,0,0,0,0,0,0
0,0,0,0,0,0,0,0,3204,0,0,0,0,0,0,0,0,0,0,0,0,0,0,0,0,0,0
0,0,0,0,0,0,0,0,3216,0,0,0,0,0,0,0,0,0,0,0,0,0,0,0,0,0,0
0,0,0,0,0,0,0,0,3228,0,0,0,0,0,0,0,0,0,0,0,0,0,0,0,0,0,0
0,0,0,0,0,0,0,0,3240,0,0,0,0,0,0,0,0,0,0,0,0,0,0,0,0,0,0
0,0,0,0,0,0,0,0,3252,0,0,0,0,0,0,0,0,0,0,0,0,0,0,0,0,0,0
0,0,0,0,0,0,0,0,3264,0,0,0,0,0,0,0,0,0,0,0,0,0,0,0,0,0,0
0,0,0,0,0,0,0,0,3276,0,0,0,0,0,0,0,0,0,0,0,0,0,0,0,0,0,0
0,0,0,0,0,0,0,0,3288,0,0,0,0,0,0,0,0,0,0,0,0,0,0,0,0,0,0
0,0,0,0,0,0,0,0,3300,0,0,0,0,0,0,0,0,0,0,0,0,0,0,0,0,0,0
0,0,0,0,0,0,0,0,3312,0,0,0,0,0,0,0,0,0,0,0,0,0,0,0,0,0,0
0,0,0,0,0,0,0,0,3324,0,0,0,0,0,0,0,0,0,0,0,0,0,0,0,0,0,0
0,0,0,0,0,0,0,0,3336,0,0,0,0,0,0,0,0,0,0,0,0,0,0,0,0,0,0
0,0,0,0,0,0,0,0,3348,0,0,0,0,0,0,0,0,0,0,0,0,0,0,0,0,0,0
0,0,0,0,0,0,0,0,3360,0,0,0,0,0,0,0,0,0,0,0,0,0,0,0,0,0,0
0,0,0,0,0,0,0,0,3372,0,0,0,0,0,0,0,0,0,0,0,0,0,0,0,0,0,0
0,0,0,0,0,0,0,0,3384,0,0,0,0,0,0,0,0,0,0,0,0,0,0,0,0,0,0
0,0,0,0,0,0,0,0,3396,0,0,0,0,0,0,0,0,0,0,0,0,0,0,0,0,0,0
0,0,0,0,0,0,0,0,3408,0,0,0,0,0,0,0,0,0,0,0,0,0,0,0,0,0,0
0,0,0,0,0,0,0,0,3420,0,0,0,0,0,0,0,0,0,0,0,0,0,0,0,0,0,0
0,0,0,0,0,0,0,0,3432,0,0,0,0,0,0,0,0,0,0,0,0,0,0,0,0,0,0
0,0,0,0,0,0,0,0,3444,0,0,0,0,0,0,0,0,0,0,0,0,0,0,0,0,0,0
0,0,0,0,0,0,0,0,3456,0,0,0,0,0,0,0,0,0,0,0,0,0,0,0,0,0,0
0,0,0,0,0,0,0,0,3468,0,0,0,0,0,0,0,0,0,0,0,0,0,0,0,0,0,0
0,0,0,0,0,0,0,0,3480,0,0,0,0,0,0,0,0,0,0,0,0,0,0,0,0,0,0
0,0,0,0,0,0,0,0,3492,0,0,0,0,0,0,0,0,0,0,0,0,0,0,0,0,0,0
0,0,0,0,0,0,0,0,3504,0,0,0,0,0,0,0,0,0,0,0,0,0,0,0,0,0,0
0,0,0,0,0,0,0,0,3516,0,0,0,0,0,0,0,0,0,0,0,0,0,0,0,0,0,0
0,0,0,0,0,0,0,0,3528,0,0,0,0,0,0,0,0,0,0,0,0,0,0,0,0,0,0
0,0,0,0,0,0,0,0,3540,0,0,0,0,0,0,0,0,0,0,0,0,0,0,0,0,0,0
0,0,0,0,0,0,0,0,3552,0,0,0,0,0,0,0,0,0,0,0,0,0,0,0,0,0,0
0,0,0,0,0,0,0,0,3564,0,0,0,0,0,0,0,0,0,0,0,0,0,0,0,0,0,0
0,0,0,0,0,0,0,0,3576,0,0,0,0,0,0,0,0,0,0,0,0,0,0,0,0,0,0
0,0,0,0,0,0,0,0,3588,0,0,0,0,0,0,0,0,0,0,0,0,0,0,0,0,0,0
0,0,0,0,0,0,0,0,3600,0,0,0,0,0,0,0,0,0,0,0,0,0,0,0,0,0,0
0,0,0,0,0,0,0,0,3612,0,0,0,0,0,0,0,0,0,0,0,0,0,0,0,0,0,0
0,0,0,0,0,0,0,0,3624,0,0,0,0,0,0,0,0,0,0,0,0,0,0,0,0,0,0
0,0,0,0,0,0,0,0,3636,0,0,0,0,0,0,0,0,0,0,0,0,0,0,0,0,0,0
0,0,0,0,0,0,0,0,3648,0,0,0,0,0,0,0,0,0,0,0,0,0,0,0,0,0,0
0,0,0,0,0,0,0,0,3660,0,0,0,0,0,0,0,0,0,0,0,0,0,0,0,0,0,0
0,0,0,0,0,0,0,0,3672,0,0,0,0,0,0,0,0,0,0,0,0,0,0,0,0,0,0
0,0,0,0,0,0,0,0,3684,0,0,0,0,0,0,0,0,0,0,0,0,0,0,0,0,0,0
0,0,0,0,0,0,0,0,3696,0,0,0,0,0,0,0,0,0,0,0,0,0,0,0,0,0,0
0,0,0,0,0,0,0,0,3708,0,0,0,0,0,0,0,0,0,0,0,0,0,0,0,0,0,0
0,0,0,0,0,0,0,0,3720,0,0,0,0,0,0,0,0,0,0,0,0,0,0,0,0,0,0
0,0,0,0,0,0,0,0,3732,0,0,0,0,0,0,0,0,0,0,0,0,0,0,0,0,0,0
0,0,0,0,0,0,0,0,3744,0,0,0,0,0,0,0,0,0,0,0,0,0,0,0,0,0,0
0,0,0,0,0,0,0,0,3756,0,0,0,0,0,0,0,0,0,0,0,0,0,0,0,0,0,0
0,0,0,0,0,0,0,0,3768,0,0,0,0,0,0,0,0,0,0,0,0,0,0,0,0,0,0
0,0,0,0,0,0,0,0,3780,0,0,0,0,0,0,0,0,0,0,0,0,0,0,0,0,0,0
0,0,0,0,0,0,0,0,3792,0,0,0,0,0,0,0,0,0,0,0,0,0,0,0,0,0,0
0,0,0,0,0,0,0,0,3804,0,0,0,0,0,0,0,0,0,0,0,0,0,0,0,0,0,0
0,0,0,0,0,0,0,0,3816,0,0,0,0,0,0,0,0,0,0,0,0,0,0,0,0,0,0
0,0,0,0,0,0,0,0,3828,0,0,0,0,0,0,0,0,0,0,0,0,0,0,0,0,0,0
0,0,0,0,0,0,0,0,3840,0,0,0,0,0,0,0,0,0,0,0,0,0,0,0,0,0,0
0,0,0,0,0,0,0,0,3852,0,0,0,0,0,0,0,0,0,0,0,0,0,0,0,0,0,0
0,0,0,0,0,0,0,0,3864,0,0,0,0,0,0,0,0,0,0,0,0,0,0,0,0,0,0
0,0,0,0,0,0,0,0,3876,0,0,0,0,0,0,0,0,0,0,0,0,0,0,0,0,0,0
0,0,0,0,0,0,0,0,3888,0,0,0,0,0,0,0,0,0,0,0,0,0,0,0,0,0,0
0,0,0,0,0,0,0,0,3900,0,0,0,0,0,0,0,0,0,0,0,0,0,0,0,0,0,0
0,0,0,0,0,0,0,0,3912,0,0,0,0,0,0,0,0,0,0,0,0,0,0,0,0,0,0
0,0,0,0,0,0,0,0,3924,0,0,0,0,0,0,0,0,0,0,0,0,0,0,0,0,0,0
0,0,0,0,0,0,0,0,3936,0,0,0,0,0,0,0,0,0,0,0,0,0,0,0,0,0,0
0,0,0,0,0,0,0,0,3948,0,0,0,0,0,0,0,0,0,0,0,0,0,0,0,0,0,0
0,0,0,0,0,0,0,0,3960,0,0,0,0,0,0,0,0,0,0,0,0,0,0,0,0,0,0
0,0,0,0,0,0,0,0,3972,0,0,0,0,0,0,0,0,0,0,0,0,0,0,0,0,0,0
0,0,0,0,0,0,0,0,3984,0,0,0,0,0,0,0,0,0,0,0,0,0,0,0,0,0,0
0,0,0,0,0,0,0,0,3996,0,0,0,0,0,0,0,0,0,0,0,0,0,0,0,0,0,0
0,0,0,0,0,0,0,0,4008,0,0,0,0,0,0,0,0,0,0,0,0,0,0,0,0,0,0
0,0,0,0,0,0,0,0,4020,0,0,0,0,0,0,0,0,0,0,0,0,0,0,0,0,0,0
0,0,0,0,0,0,0,0,4032,0,0,0,0,0,0,0,0,0,0,0,0,0,0,0,0,0,0
0,0,0,0,0,0,0,0,4044,0,0,0,0,0,0,0,0,0,0,0,0,0,0,0,0,0,0
0,0,0,0,0,0,0,0,4056,0,0,0,0,0,0,0,0,0,0,0,0,0,0,0,0,0,0
0,0,0,0,0,0,0,0,4068,0,0,0,0,0,0,0,0,0,0,0,0,0,0,0,0,0,0
0,0,0,0,0,0,0,0,4080,0,0,0,0,0,0,0,0,0,0,0,0,0,0,0,0,0,0
0,0,0,0,0,0,0,0,4092,0,0,0,0,0,0,0,0,0,0,0,0,0,0,0,0,0,0
0,0,0,0,0,0,0,0,4104,0,0,0,0,0,0,0,0,0,0,0,0,0,0,0,0,0,0
0,0,0,0,0,0,0,0,4116,0,0,0,0,0,0,0,0,0,0,0,0,0,0,0,0,0,0
0,0,0,0,0,0,0,0,4128,0,0,0,0,0,0,0,0,0,0,0,0,0,0,0,0,0,0
0,0,0,0,0,0,0,0,4140,0,0,0,0,0,0,0,0,0,0,0,0,0,0,0,0,0,0
0,0,0,0,0,0,0,0,4152,0,0,0,0,0,0,0,0,0,0,0,0,0,0,0,0,0,0
0,0,0,0,0,0,0,0,4164,0,0,0,0,0,0,0,0,0,0,0,0,0,0,0,0,0,0
0,0,0,0,0,0,0,0,4176,0,0,0,0,0,0,0,0,0,0,0,0,0,0,0,0,0,0
0,0,0,0,0,0,0,0,4188,0,0,0,0,0,0,0,0,0,0,0,0,0,0,0,0,0,0
0,0,0,0,0,0,0,0,4200,0,0,0,0,0,0,0,0,0,0,0,0,0,0,0,0,0,0
0,0,0,0,0,0,0,0,4212,0,0,0,0,0,0,0,0,0,0,0,0,0,0,0,0,0,0
0,0,0,0,0,0,0,0,4224,0,0,0,0,0,0,0,0,0,0,0,0,0,0,0,0,0,0
0,0,0,0,0,0,0,0,4236,0,0,0,0,0,0,0,0,0,0,0,0,0,0,0,0,0,0
0,0,0,0,0,0,0,0,4248,0,0,0,0,0,0,0,0,0,0,0,0,0,0,0,0,0,0
0,0,0,0,0,0,0,0,4260,0,0,0,0,0,0,0,0,0,0,0,0,0,0,0,0,0,0
0,0,0,0,0,0,0,0,4272,0,0,0,0,0,0,0,0,0,0,0,0,0,0,0,0,0,0
0,0,0,0,0,0,0,0,4284,0,0,0,0,0,0,0,0,0,0,0,0,0,0,0,0,0,0
0,0,0,0,0,0,0,0,4296,0,0,0,0,0,0,0,0,0,0,0,0,0,0,0,0,0,0
0,0,0,0,0,0,0,0,4308,0,0,0,0,0,0,0,0,0,0,0,0,0,0,0,0,0,0
0,0,0,0,0,0,0,0,4320,0,0,0,0,0,0,0,0,0,0,0,0,0,0,0,0,0,0
0,0,0,0,0,0,0,0,4332,0,0,0,0,0,0,0,0,0,0,0,0,0,0,0,0,0,0
0,0,0,0,0,0,0,0,4344,0,0,0,0,0,0,0,0,0,0,0,0,0,0,0,0,0,0
0,0,0,0,0,0,0,0,4356,0,0,0,0,0,0,0,0,0,0,0,0,0,0,0,0,0,0
0,0,0,0,0,0,0,0,4368,1,0,1,0,0,0,1,0,1,0,0,0,0,0,0,0,0,0
0,0,0,0,0,0,0,0,4380,1,0,1,0,0,0,1,0,1,0,0,0,0,0,0,0,0,0
0,0,0,0,0,0,0,0,4392,1,0,1,0,0,0,1,0,1,0,0,0,0,0,0,0,0,0
0,0,0,0,0,0,0,0,4404,1,0,1,0,0,0,1,0,1,0,0,0,0,0,0,0,0,0
0,0,0,0,0,0,0,0,4416,1,0,1,0,0,0,1,0,1,0,0,0,0,0,0,0,0,0
0,0,0,0,0,0,0,0,4428,1,0,1,0,0,0,1,0,1,0,0,0,0,0,0,0,0,0
0,0,0,0,0,0,0,0,4440,1,0,1,0,0,0,1,0,1,0,0,0,0,0,0,0,0,0
0,0,0,0,0,0,0,0,4452,1,0,1,0,0,0,1,0,1,0,0,0,0,0,0,0,0,0
0,0,0,0,0,0,0,0,4464,1,0,1,0,0,0,1,0,1,0,0,0,0,0,0,0,0,0
0,0,0,0,0,0,0,0,4476,1,0,1,0,0,0,1,0,1,0,0,0,1,0,0,0,0,0
0,0,0,0,0,0,0,0,4488,1,0,1,0,0,0,1,0,1,0,0,0,1,0,0,0,0,0
0,0,0,0,0,0,0,0,4500,1,0,1,0,0,0,1,0,1,0,0,0,1,0,0,0,0,0
0,0,0,0,0,0,0,0,4512,1,0,1,0,0,0,1,0,1,0,0,0,1,0,0,0,0,0
0,0,0,0,0,0,0,0,4524,2,1,1,1,1,0,1,0,1,0,0,0,1,0,0,1,0,0
0,0,0,0,0,0,0,0,4536,2,1,1,1,1,0,1,0,1,0,0,0,1,0,0,1,0,0
0,0,0,0,0,0,0,0,4548,2,1,1,1,1,0,1,0,1,0,0,0,1,0,0,1,0,0
0,0,0,0,0,0,0,0,4560,2,1,1,1,1,0,1,0,1,0,0,0,1,0,0,1,0,0
0,0,0,0,0,0,0,0,4572,2,1,1,1,1,0,1,0,1,0,0,0,1,0,0,1,0,0
0,0,0,0,0,0,0,0,4584,2,1,1,1,1,0,1,0,1,0,0,0,1,0,0,1,0,0
0,0,0,0,0,0,0,0,4596,2,1,1,1,1,0,1,0,1,0,0,0,1,0,0,1,0,0
0,0,0,0,0,0,0,0,4608,2,1,1,1,1,0,1,0,1,0,0,0,1,0,0,1,0,0
0,0,0,0,0,0,0,0,4620,2,1,1,1,1,0,1,0,1,0,0,0,1,0,0,1,0,0
0,0,0,0,0,0,0,0,4632,2,1,1,1,1,0,1,0,1,0,0,0,1,0,0,1,0,0
0,0,0,0,0,0,0,0,4644,2,1,1,1,1,0,1,0,1,0,0,0,1,0,0,1,0,0
0,0,0,0,0,0,0,0,4656,2,1,1,1,1,0,1,0,1,0,0,0,1,0,0,1,0,0
0,0,0,0,0,0,0,0,4668,2,1,1,1,1,0,1,0,1,0,0,0,1,0,0,1,0,0
0,0,0,0,0,0,0,0,4680,2,1,1,1,1,0,1,0,1,0,0,0,1,0,0,1,0,0
0,0,0,0,0,0,0,0,4692,2,1,1,1,1,0,1,0,1,0,0,0,1,0,0,1,0,0
0,0,0,0,0,0,0,0,4704,2,1,1,1,1,0,1,0,1,0,0,0,1,0,0,1,0,0
0,0,0,0,0,0,0,0,4716,2,1,1,1,1,0,1,0,1,0,0,0,1,0,0,1,0,0
0,0,0,0,0,0,0,0,4728,2,1,1,1,1,0,1,0,1,0,0,0,1,0,0,1,0,0
0,0,0,0,0,0,0,0,4740,2,1,1,1,1,0,1,0,1,0,0,0,1,0,0,1,0,0
0,0,0,0,0,0,0,0,4752,2,1,1,1,1,0,1,0,1,0,0,0,1,0,0,1,0,0
0,0,0,0,0,0,0,0,4764,2,1,1,1,1,0,1,0,1,0,0,0,1,0,0,1,0,0
0,0,0,0,0,0,0,0,4776,2,1,1,1,1,0,1,0,1,0,0,0,1,0,0,1,0,0
0,0,0,0,0,0,0,0,4788,2,1,1,1,1,0,1,0,1,0,0,0,1,0,0,1,0,0
0,0,0,0,0,0,0,0,4800,2,1,1,1,1,0,1,0,1,0,0,0,1,0,0,1,0,0
0,0,0,0,0,0,0,0,4812,2,1,1,1,1,0,1,0,1,0,0,0,1,0,0,1,0,0
0,0,0,0,0,0,0,0,4824,2,1,1,1,1,0,1,0,1,0,0,0,1,0,0,1,0,0
0,0,0,0,0,0,0,0,4836,2,1,1,1,1,0,1,0,1,0,0,0,1,0,0,1,0,0
0,0,0,0,0,0,0,0,4848,2,1,1,1,1,0,1,0,1,0,0,0,1,0,0,1,0,0
0,0,0,0,0,0,0,0,4860,2,1,1,1,1,0,1,0,1,0,0,0,1,0,0,1,0,0
0,0,0,0,0,0,0,0,4872,2,1,1,1,1,0,1,0,1,0,0,0,1,0,0,1,0,0
0,0,0,0,0,0,0,0,4884,2,1,1,1,1,0,1,0,1,0,0,0,1,0,0,1,0,0
0,0,0,0,0,0,0,0,4896,2,1,1,1,1,0,1,0,1,0,0,0,1,0,0,1,0,0
0,0,0,0,0,0,0,0,4908,2,1,1,1,1,0,1,0,1,0,0,0,1,0,0,1,0,0
0,0,0,0,0,0,0,0,4920,2,1,1,1,1,0,1,0,1,0,0,0,1,0,0,1,0,0
0,0,0,0,0,0,0,0,4932,2,1,1,1,1,0,1,0,1,0,0,0,1,0,0,1,0,0
0,0,0,0,0,0,0,0,4944,2,1,1,1,1,0,1,0,1,0,0,0,1,0,0,1,0,0
0,0,0,0,0,0,0,0,4956,2,1,1,1,1,0,1,0,1,0,0,0,1,0,0,1,0,0
0,0,0,0,0,0,0,0,4968,2,1,1,1,1,0,1,0,1,0,0,0,1,0,0,1,0,0
0,0,0,0,0,0,0,0,4980,2,1,1,1,1,0,1,0,1,0,0,0,1,0,0,1,0,0
0,0,0,0,0,0,0,0,4992,2,1,1,1,1,0,1,0,1,0,0,0,1,0,0,1,0,0
0,0,0,0,0,0,0,0,5004,2,1,1,1,1,0,1,0,1,0,0,0,1,0,0,1,0,0
0,0,0,0,0,0,0,0,5016,2,1,1,1,1,0,1,0,1,0,0,0,1,0,0,1,0,0
0,0,0,0,0,0,0,0,5028,2,1,1,1,1,0,1,0,1,0,0,0,1,0,0,1,0,0
0,0,0,0,0,0,0,0,5040,2,1,1,1,1,0,1,0,1,0,0,0,1,0,0,1,0,0
0,0,0,0,0,0,0,0,5052,2,1,1,1,1,0,1,0,1,0,0,0,1,0,0,1,0,0
0,0,0,0,0,0,0,0,5064,2,1,1,1,1,0,1,0,1,0,0,0,1,0,0,1,0,0
0,0,0,0,0,0,0,0,5076,2,1,1,1,1,0,1,0,1,0,0,0,1,0,0,1,0,0
0,0,0,0,0,0,0,0,5088,2,1,1,1,1,0,1,0,1,0,0,0,1,0,0,1,0,0
0,0,0,0,0,0,0,0,5100,2,1,1,1,1,0,1,0,1,0,0,0,1,0,0,1,0,0
0,0,0,0,0,0,0,0,5112,2,1,1,1,1,0,1,0,1,0,0,0,1,0,0,1,0,0
0,0,0,0,0,0,0,0,5124,2,1,1,1,1,0,1,0,1,0,0,0,1,0,0,1,0,0
0,0,0,0,0,0,0,0,5136,2,1,1,1,1,0,1,0,1,0,0,0,1,0,0,1,0,0
0,0,0,0,0,0,0,0,5148,2,1,1,1,1,0,1,0,1,0,0,0,1,0,0,1,0,0
0,0,0,0,0,0,0,0,5160,2,1,1,1,1,0,1,0,1,0,0,0,1,0,0,1,0,0
0,0,0,0,0,0,0,0,5172,2,1,1,1,1,0,1,0,1,0,0,0,1,0,0,1,0,0
0,0,0,0,0,0,0,0,5184,2,1,1,1,1,0,1,0,1,0,0,0,1,0,0,1,0,0
0,0,0,0,0,0,0,0,5196,2,1,1,1,1,0,1,0,1,0,0,0,1,0,0,1,0,0
0,0,0,0,0,0,0,0,5208,2,1,1,1,1,0,1,0,1,0,0,0,1,0,0,1,0,0
0,0,0,0,0,0,0,0,5220,2,1,1,1,1,0,1,0,1,0,0,0,1,0,0,1,0,0
0,0,0,0,0,0,0,0,5232,2,1,1,1,1,0,1,0,1,0,0,0,1,0,0,1,0,0
0,0,0,0,0,0,0,0,5244,2,1,1,1,1,0,1,0,1,0,0,0,1,0,0,1,0,0
0,0,0,0,0,0,0,0,5256,2,1,1,1,1,0,1,0,1,0,0,0,1,0,0,1,0,0
0,0,0,0,0,0,0,0,5268,2,1,1,1,1,0,1,0,1,0,0,0,1,0,0,1,0,0
0,0,1,1,0,0,0,0,5280,2,1,1,1,1,0,1,0,1,0,0,0,1,0,0,1,0,0
0,0,2,2,0,0,0,0,5292,2,1,1,1,1,0,1,0,1,0,0,0,1,0,0,1,0,0
0,0,2,2,0,0,0,0,5304,2,1,1,1,1,0,1,0,1,0,0,0,1,0,0,1,0,0
0,0,2,2,0,0,0,0,5316,2,1,1,1,1,0,1,0,1,0,0,0,1,0,0,1,0,0
0,0,2,2,0,0,0,0,5328,2,1,1,1,1,0,1,0,1,0,0,0,1,0,0,1,0,0
0,0,2,2,0,0,0,0,5340,2,1,1,1,1,0,1,0,1,0,0,0,1,0,0,1,0,0
0,0,2,2,0,0,0,0,5352,2,1,1,1,1,0,1,0,1,0,0,0,1,0,0,1,0,0
0,0,2,2,0,0,0,0,5364,2,1,1,1,1,0,1,0,1,0,0,0,1,0,0,1,0,0
0,0,2,2,0,0,0,0,5376,2,1,1,1,1,0,1,0,1,0,0,0,1,0,0,1,0,0
0,0,2,2,0,0,0,0,5388,2,1,1,1,1,0,1,0,1,0,0,0,1,0,0,1,0,0
0,0,2,2,0,0,0,0,5400,2,1,1,1,1,0,1,0,1,0,0,0,1,0,0,1,0,0
0,0,2,2,0,0,0,0,5412,2,1,1,1,1,0,1,0,1,0,0,0,1,0,0,1,0,0
0,0,2,1,0,0,0,1,5424,2,1,1,1,1,0,1,0,1,0,0,0,1,0,0,1,0,0
0,0,2,1,0,0,0,1,5436,2,1,1,1,1,0,1,0,1,0,0,0,1,0,0,1,0,0
0,0,2,0,0,0,0,2,5448,2,1,1,1,1,0,1,0,1,0,0,0,1,0,0,1,0,0
0,0,2,0,0,0,0,2,5460,2,1,1,1,1,0,1,0,1,0,0,0,1,0,0,1,0,0
0,0,2,0,0,0,0,2,5472,2,1,1,1,1,0,1,0,1,0,0,0,1,0,0,1,0,0
0,0,2,0,0,0,0,2,5484,2,1,1,1,1,0,1,0,1,0,0,0,1,0,0,1,0,0
0,0,2,0,0,0,0,2,5496,2,1,1,1,1,0,1,0,1,0,0,0,1,0,0,1,0,0
0,0,2,0,0,0,0,2,5508,2,1,1,1,1,0,1,0,1,0,0,0,1,0,0,1,0,0
0,0,2,0,0,0,0,2,5520,2,1,1,1,1,0,1,0,1,0,0,0,1,0,0,1,0,0
0,0,2,0,0,0,0,2,5532,2,1,1,1,1,0,1,0,1,0,0,0,1,0,0,1,0,0
0,0,2,0,0,0,0,2,5544,2,1,1,1,1,0,1,0,1,0,0,0,1,0,0,1,0,0
0,0,2,0,0,0,0,2,5556,2,1,1,1,1,0,1,0,1,0,0,0,1,0,0,1,0,0
0,0,2,0,0,0,0,2,5568,2,1,1,1,1,0,1,0,1,0,0,0,1,0,0,1,0,0
0,0,2,0,0,0,0,2,5580,2,1,1,1,1,0,1,0,1,0,0,0,1,0,0,1,0,0
0,0,3,1,0,0,0,2,5592,2,1,1,1,1,0,1,0,1,0,0,0,1,0,0,1,0,0
0,0,3,1,0,0,0,2,5604,2,1,1,1,1,0,1,0,1,0,0,0,1,0,0,1,0,0
0,0,4,2,0,0,0,2,5616,2,1,1,1,1,0,1,0,1,0,0,0,1,0,0,1,0,0
0,0,4,2,0,0,0,2,5628,2,1,1,1,1,0,1,0,1,0,0,0,1,0,0,1,0,0
0,0,4,2,0,0,0,2,5640,2,1,1,1,1,0,1,0,1,0,0,0,1,0,0,1,0,0
0,0,4,2,0,0,0,2,5652,2,1,1,1,1,0,1,0,1,0,0,0,1,0,0,1,0,0
0,0,4,2,0,0,0,2,5664,2,1,1,1,1,0,1,0,1,0,0,0,1,0,0,1,0,0
0,0,4,2,0,0,0,2,5676,2,1,1,1,1,0,1,0,1,0,0,0,1,0,0,1,0,0
0,0,4,2,0,0,0,2,5688,2,1,1,1,1,0,1,0,1,0,0,0,1,0,0,1,0,0
0,0,4,2,0,0,0,2,5700,2,1,1,1,1,0,1,0,1,0,0,0,1,0,0,1,0,0
0,0,4,2,0,0,0,2,5712,2,1,1,1,1,0,1,0,1,0,0,0,1,0,0,1,0,0
0,0,4,2,0,0,0,2,5724,2,1,1,1,1,0,1,0,1,0,0,0,1,0,0,1,0,0
0,0,4,2,0,0,0,2,5736,2,1,1,1,1,0,1,0,1,0,0,0,1,0,0,1,0,0
0,0,4,2,0,0,0,2,5748,2,1,1,1,1,0,1,0,1,0,0,0,1,0,0,1,0,0
0,0,4,1,0,0,0,3,5760,2,1,1,1,1,0,1,0,1,0,0,0,1,0,0,1,0,0
0,0,4,1,0,0,0,3,5772,2,1,1,1,1,0,1,0,1,0,0,0,1,0,0,1,0,0
0,0,4,1,0,0,0,3,5784,2,1,1,1,1,0,1,0,1,0,0,0,1,0,0,1,0,0
0,0,4,1,0,0,0,3,5796,2,1,1,1,1,0,1,0,1,0,0,0,1,0,0,1,0,0
0,0,4,1,0,0,0,3,5808,2,1,1,1,1,0,1,0,1,0,0,0,1,0,0,1,0,0
0,0,4,1,0,0,0,3,5820,2,1,1,1,1,0,1,0,1,0,0,0,1,0,0,1,0,0
0,0,4,1,0,0,0,3,5832,2,1,1,1,1,0,1,0,1,0,0,0,1,0,0,1,0,0
0,0,4,1,0,0,0,3,5844,2,1,1,1,1,0,1,0,1,0,0,0,1,0,0,1,0,0
0,0,4,1,0,0,0,3,5856,2,1,1,1,1,0,1,0,1,0,0,0,1,0,0,1,0,0
0,0,4,1,0,0,0,3,5868,2,1,1,1,1,0,1,0,1,0,0,0,1,0,0,1,0,0
0,0,4,1,0,0,0,3,5880,2,1,1,1,1,0,1,0,1,0,0,0,1,0,0,1,0,0
0,0,4,1,0,0,0,3,5892,2,1,1,1,1,0,1,0,1,0,0,0,1,0,0,1,0,0
0,0,4,1,0,0,0,3,5904,2,1,1,1,1,0,1,0,1,0,0,0,1,0,0,1,0,0
0,0,4,1,0,0,0,3,5916,2,1,1,1,1,0,1,0,1,0,0,0,1,0,0,1,0,0
0,0,4,1,0,0,0,3,5928,2,1,1,1,1,0,1,0,1,0,0,0,1,0,0,1,0,0
0,0,4,1,0,0,0,3,5940,2,1,1,1,1,0,1,0,1,0,0,0,1,0,0,1,0,0
0,0,4,1,0,0,0,3,5952,2,1,1,1,1,0,1,0,1,0,0,0,1,0,0,1,0,0
0,0,5,2,0,0,0,3,5964,2,1,1,1,1,0,1,0,1,0,0,0,1,0,0,1,0,0
0,0,6,3,0,0,0,3,5976,2,1,1,1,1,0,1,0,1,0,0,0,1,0,0,1,0,0
0,0,6,3,0,0,0,3,5988,2,1,1,1,1,0,1,0,1,0,0,0,1,0,0,1,0,0
0,0,6,3,0,0,0,3,6000,2,1,1,1,1,0,1,0,1,0,0,0,1,0,0,1,0,0
0,0,6,3,0,0,0,3,6012,2,1,1,1,1,0,1,0,1,0,0,0,1,0,0,1,0,0
0,0,6,3,0,0,0,3,6024,2,1,1,1,1,0,1,0,1,0,0,0,1,0,0,1,0,0
0,0,6,3,0,0,0,3,6036,2,1,1,1,1,0,1,0,1,0,0,0,1,0,0,1,0,0
0,0,6,3,0,0,0,3,6048,2,1,1,1,1,0,1,0,1,0,0,0,1,0,0,1,0,0
0,0,6,3,0,0,0,3,6060,2,1,1,1,1,0,1,0,1,0,0,0,1,0,0,1,0,0
0,0,6,3,0,0,0,3,6072,2,1,1,1,1,0,1,0,1,0,0,0,1,0,0,1,0,0
0,0,6,3,0,0,0,3,6084,2,1,1,1,1,0,1,0,1,0,0,0,1,0,0,1,0,0
0,0,6,3,0,0,0,3,6096,2,1,1,1,1,0,1,0,1,0,0,0,1,0,0,1,0,0
0,0,6,3,0,0,0,3,6108,2,1,1,1,1,0,1,0,1,0,0,0,1,0,0,1,0,0
0,0,6,3,0,0,0,3,6120,2,1,1,1,1,0,1,0,1,0,0,0,1,0,0,1,0,0
0,0,6,3,0,0,0,3,6132,2,1,1,1,1,0,1,0,1,0,0,0,1,0,0,1,0,0
0,0,6,3,0,0,0,3,6144,2,1,1,1,1,0,1,0,1,0,0,0,1,0,0,1,0,0
0,0,6,3,0,0,0,3,6156,2,1,1,1,1,0,1,0,1,0,0,0,1,0,0,1,0,0
0,0,6,3,0,0,0,3,6168,2,1,1,1,1,0,1,0,1,0,0,0,1,0,0,1,0,0
0,0,7,3,2,0,0,2,6180,2,1,1,1,1,0,1,0,1,0,0,0,1,0,0,1,0,0
0,0,7,3,3,0,0,1,6192,2,1,1,1,1,0,1,0,1,0,0,0,1,0,0,1,0,0
0,0,7,3,3,0,0,1,6204,2,1,1,1,1,0,1,0,1,0,0,0,1,0,0,1,0,0
0,0,7,3,3,0,0,1,6216,2,1,1,1,1,0,1,0,1,0,0,0,1,0,0,1,0,0
0,0,7,3,3,0,0,1,6228,2,1,1,1,1,0,1,0,1,0,0,0,1,0,0,1,0,0
0,0,7,3,3,0,0,1,6240,2,1,1,1,1,0,1,0,1,0,0,0,1,0,0,1,0,0
0,0,7,3,3,0,0,1,6252,2,1,1,1,1,0,1,0,1,0,0,0,1,0,0,1,0,0
0,0,8,4,3,0,0,1,6264,2,1,1,1,1,0,1,0,1,0,0,0,1,0,0,1,0,0
0,0,8,5,2,0,0,1,6276,2,1,1,1,1,0,1,0,1,0,0,0,1,0,0,1,0,0
0,0,8,6,1,0,0,1,6288,2,1,1,1,1,0,1,0,1,0,0,0,1,0,0,1,0,0
0,0,8,7,0,0,0,1,6300,2,1,1,1,1,0,1,0,1,0,0,0,1,0,0,1,0,0
0,0,8,7,0,0,0,1,6312,2,1,1,1,1,0,1,0,1,0,0,0,1,0,0,1,0,0
0,0,8,7,0,0,0,1,6324,2,1,1,1,1,0,1,0,1,0,0,0,1,0,0,1,0,0
0,0,8,7,0,0,0,1,6336,2,1,1,1,1,0,1,0,1,0,0,0,1,0,0,1,0,0
0,0,9,8,0,0,0,1,6348,2,1,1,1,1,0,1,0,1,0,0,0,1,0,0,1,0,0
0,0,10,9,0,0,0,1,6360,2,1,1,1,1,0,1,0,1,0,0,0,1,0,0,1,0,0
0,0,10,9,0,0,0,1,6372,2,1,1,1,1,0,1,0,1,0,0,0,1,0,0,1,0,0
0,0,10,9,0,0,0,1,6384,2,1,1,1,1,0,1,0,1,0,0,0,1,0,0,1,0,0
0,0,10,9,0,0,0,1,6396,2,1,1,1,1,0,1,0,1,0,0,0,1,0,0,1,0,0
0,0,10,9,0,0,0,1,6408,2,1,1,1,1,0,1,0,1,0,0,0,1,0,0,1,0,0
0,0,10,9,0,0,0,1,6420,2,1,1,1,1,0,1,0,1,0,0,0,1,0,0,1,0,0
0,0,10,9,0,0,0,1,6432,2,1,1,1,1,0,1,0,1,0,0,0,1,0,0,1,0,0
0,0,10,9,0,0,0,1,6444,2,1,1,1,1,0,1,0,1,0,0,0,1,0,0,1,0,0
0,0,10,9,0,0,0,1,6456,2,1,1,1,1,0,1,0,1,0,0,0,1,0,0,1,0,0
0,0,10,9,0,0,0,1,6468,2,1,1,1,1,0,1,0,1,0,0,0,1,0,0,1,0,0
0,0,10,6,0,0,0,4,6480,2,1,1,1,1,0,1,0,1,0,0,0,1,0,0,1,0,0
0,0,10,5,0,0,0,5,6492,2,1,1,1,1,0,1,0,1,0,0,0,1,0,0,1,0,0
0,0,10,4,0,0,0,6,6504,2,1,1,1,1,0,1,0,1,0,0,0,1,0,0,1,0,0
0,0,10,4,0,0,0,6,6516,2,1,1,1,1,0,1,0,1,0,0,0,1,0,0,1,0,0
0,0,10,4,0,0,0,6,6528,2,1,1,1,1,0,1,0,1,0,0,0,1,0,0,1,0,0
0,0,10,3,0,0,0,7,6540,2,1,1,1,1,0,1,0,1,0,0,0,1,0,0,1,0,0
0,0,10,2,0,0,0,8,6552,2,1,1,1,1,0,1,0,1,0,0,0,1,0,0,1,0,0
0,0,10,1,1,0,0,8,6564,2,1,1,1,1,0,1,0,1,0,0,0,1,0,0,1,0,0
0,0,10,1,1,0,0,8,6576,2,1,1,1,1,0,1,0,1,0,0,0,1,0,0,1,0,0
0,0,10,0,2,0,0,8,6588,2,1,1,1,1,0,1,0,1,0,0,0,1,0,0,1,0,0
0,0,10,1,1,0,0,8,6600,2,1,1,1,1,0,1,0,1,0,0,0,1,0,0,1,0,0
0,0,10,1,1,0,0,8,6612,2,1,1,1,1,0,1,0,1,0,0,0,1,0,0,1,0,0
0,0,10,1,1,0,0,8,6624,2,1,1,1,1,0,1,0,1,0,0,0,1,0,0,1,0,0
0,0,10,1,1,0,0,8,6636,2,1,1,1,1,0,1,0,1,0,0,0,1,0,0,1,0,0
0,0,10,1,1,0,0,8,6648,2,1,1,1,1,0,1,0,1,0,0,0,1,0,0,1,0,0
0,0,10,1,1,0,0,8,6660,2,1,1,1,1,0,1,0,1,0,0,0,1,0,0,1,0,0
0,0,10,1,1,0,0,8,6672,2,1,1,1,1,0,1,0,1,0,0,0,1,0,0,1,0,0
0,0,10,1,1,0,0,8,6684,2,1,1,1,1,0,1,0,1,0,0,0,1,0,0,1,0,0
0,0,10,1,1,0,0,8,6696,2,1,1,1,1,0,1,0,1,0,0,0,1,0,0,1,0,0
0,0,10,1,1,0,0,8,6708,2,1,1,1,1,0,1,0,1,0,0,0,1,0,0,1,0,0
0,0,10,1,1,0,0,8,6720,2,1,1,1,1,0,1,0,1,0,0,0,1,0,0,1,0,0
0,0,10,1,1,0,0,8,6732,2,1,1,1,1,0,1,0,1,0,0,0,1,0,0,1,0,0
0,0,10,1,1,0,0,8,6744,2,1,1,1,1,0,1,0,1,0,0,0,1,0,0,1,0,0
0,0,10,1,1,0,0,8,6756,2,1,1,1,1,0,1,0,1,0,0,0,1,0,0,1,0,0
0,0,10,1,1,0,0,8,6768,2,1,1,1,1,0,1,0,1,0,0,0,1,0,0,1,0,0
0,0,10,1,1,0,0,8,6780,2,1,1,1,1,0,1,0,1,0,0,0,1,0,0,1,0,0
0,0,10,1,1,0,0,8,6792,2,1,1,1,1,0,1,0,1,0,0,0,1,0,0,1,0,0
0,0,10,1,1,0,0,8,6804,2,1,1,1,1,0,1,0,1,0,0,0,1,0,0,1,0,0
0,0,10,1,1,0,0,8,6816,2,1,1,1,1,0,1,0,1,0,0,0,1,0,0,1,0,0
0,0,10,1,1,0,0,8,6828,2,1,1,1,1,0,1,0,1,0,0,0,1,0,0,1,0,0
0,0,10,1,1,0,0,8,6840,2,1,1,1,1,0,1,0,1,0,0,0,1,0,0,1,0,0
0,0,10,1,1,0,0,8,6852,2,1,1,1,1,0,1,0,1,0,0,0,1,0,0,1,0,0
0,0,10,1,1,0,0,8,6864,2,1,1,1,1,0,1,0,1,0,0,0,1,0,0,1,0,0
0,0,10,1,1,0,0,8,6876,2,1,1,1,1,0,1,0,1,0,0,0,1,0,0,1,0,0
0,0,10,1,1,0,0,8,6888,2,1,1,1,1,0,1,0,1,0,0,0,1,0,0,1,0,0
0,0,10,1,1,0,0,8,6900,2,1,1,1,1,0,1,0,1,0,0,0,1,0,0,1,0,0
0,0,10,1,1,0,0,8,6912,2,1,1,1,1,0,1,0,1,0,0,0,1,0,0,1,0,0
0,0,10,1,1,0,0,8,6924,2,1,1,1,1,0,1,0,1,0,0,0,1,0,0,1,0,0
0,0,10,1,1,0,0,8,6936,2,1,1,1,1,0,1,0,1,0,0,0,1,0,0,1,0,0
0,0,10,1,1,0,0,8,6948,2,1,1,1,1,0,1,0,1,0,0,0,1,0,0,1,0,0
0,0,10,1,1,0,0,8,6960,2,1,1,1,1,0,1,0,1,0,0,0,1,0,0,1,0,0
0,0,10,1,1,0,0,8,6972,2,1,1,1,1,0,1,0,1,0,0,0,1,0,0,1,0,0
0,0,10,1,1,0,0,8,6984,2,1,1,1,1,0,1,0,1,0,0,0,1,0,0,1,0,0
0,0,10,1,1,0,0,8,6996,2,1,1,1,1,0,1,0,1,0,0,0,1,0,0,1,0,0
0,0,10,1,1,0,0,8,7008,2,1,1,1,1,0,1,0,1,0,0,0,1,0,0,1,0,0
0,0,10,1,1,0,0,8,7020,2,1,1,1,1,0,1,0,1,0,0,0,1,0,0,1,0,0
0,0,10,1,1,0,0,8,7032,2,1,1,1,1,0,1,0,1,0,0,0,1,0,0,1,0,0
0,0,11,2,1,0,0,8,7044,2,1,1,1,1,0,1,0,1,0,0,0,1,0,0,1,0,0
0,0,11,2,1,0,0,8,7056,2,1,1,1,1,0,1,0,1,0,0,0,1,0,0,1,0,0
0,0,12,3,1,0,0,8,7068,2,1,1,1,1,0,1,0,1,0,0,0,1,0,0,1,0,0
0,0,12,3,1,0,0,8,7080,2,1,1,1,1,0,1,0,1,0,0,0,1,0,0,1,0,0
0,0,12,3,1,0,0,8,7092,2,1,1,1,1,0,1,0,1,0,0,0,1,0,0,1,0,0
0,0,12,3,1,0,0,8,7104,2,1,1,1,1,0,1,0,1,0,0,0,1,0,0,1,0,0
0,0,12,3,1,0,0,8,7116,2,1,1,1,1,0,1,0,1,0,0,0,1,0,0,1,0,0
0,0,12,3,1,0,0,8,7128,2,1,1,1,1,0,1,0,1,0,0,0,1,0,0,1,0,0
0,0,12,3,1,0,0,8,7140,2,1,1,1,1,0,1,0,1,0,0,0,1,0,0,1,0,0
0,0,12,3,1,0,0,8,7152,2,1,1,1,1,0,1,0,1,0,0,0,1,0,0,1,0,0
0,0,12,3,1,0,0,8,7164,2,1,1,1,1,0,1,0,1,0,0,0,1,0,0,1,0,0
0,0,12,3,1,0,0,8,7176,2,1,1,1,1,0,1,0,1,0,0,0,1,0,0,1,0,0
0,0,12,3,1,0,0,8,7188,2,1,1,1,1,0,1,0,1,0,0,0,1,0,0,1,0,0
0,0,12,3,1,0,0,8,7200,2,1,1,1,1,0,1,0,1,0,0,0,1,0,0,1,0,0
